"","T0_S","T4_S","T8_S","T12_S","T16_S","T20_S","T24_S","T28_S","T32_S","T36_S","T40_S","T44_S","T48_S","T52_S","T56_S","T60_S","T64_S","T68_S","T72_S","T76_S","T80_S","T84_S","T88_S","T92_S","T96_S","T100_S","T104_S","T108_S","T112_S"
"AAA536-G10",1089.42675404878,1343.78838936275,1276.99788557318,1225.4906754686,1230.02160853108,960.088067633127,1085.59632805944,1121.43160623162,1382.55578794662,1252.83490353501,1111.6985591346,1040.58040382397,1007.07145594194,364.118681561852,1068.76471565617,1209.55414341554,1076.52317037309,957.764994691765,1225.42309448706,1197.82728756419,929.088060840818,1192.15691766364,406.021819626143,761.683820637251,1136.97788005574,1354.27546899647,1150.43707817278,1166.42604562932,1068.73764932425
"AEGEAN-183",651.531963065218,723.035311606706,749.416513119876,768.216677534338,715.620017610481,570.75934122432,513.660698495316,530.765972014784,729.689989906536,735.415328082672,659.488042412414,658.630853270581,606.228715387094,204.780751657256,708.461500050834,753.167588345764,699.243654683597,551.717070657832,667.2083985366,670.396061642645,559.340220396528,691.828631085566,239.784139817603,412.28753433867,728.473477678536,738.725780935395,615.231473632898,723.311005457845,659.813447410152
"AG-337-I02",6796.58918801861,8032.56977353693,8473.21675547413,8178.72614474355,8043.30429426542,5722.82237489312,6747.93079316167,6521.86724394215,9110.99154761613,7621.98468670916,6980.80663300403,6443.459682449,6450.29796468749,2378.36686745834,6993.62318951629,7552.96069819529,6866.26596815311,5951.70314611119,7428.69483519614,8367.33559382662,6422.45953134729,8261.78922869875,2642.61280558087,5193.60941644507,7134.77092821092,9252.68700302078,7285.12337929916,7721.53654929138,6737.62845567271
"ARS21",2639.54660053228,2955.01261485011,3290.40957100737,3169.13135262605,3141.56129802339,2373.61264705166,2749.59972466946,2492.43983888832,3400.46480962199,3019.03901280352,2506.82901655002,2443.29128843918,2465.97633647049,922.194846633606,2752.93789871602,2933.95518595823,2597.46645986401,2220.96163146663,2823.00406511908,3164.18580539162,2247.3072007754,2975.16932989533,984.428044620965,1836.20002501764,2812.83571696333,3661.64868597081,2952.20283152596,2993.23359170195,2507.76039011268
"ASP10-05a",60.7956821461288,60.4117763230991,67.1215351188285,76.1315795733169,110.49688583644,62.6765101717608,59.4632626613759,73.233409015471,116.643457579965,94.9909829240155,79.4722269428513,67.084223710697,66.8143498128949,22.2153468837543,73.8811858723941,86.5158859666517,65.2876466022042,54.230270682927,65.4233657626855,85.2967535513645,62.0609640094613,98.0597007114756,25.5304335014156,51.2086772698874,0,99.0981909519664,84.1890754054505,78.1362822199365,61.0763275175902
"Acinetobacter",1837.30393169789,2205.38661007357,2414.40795036599,2206.14745608296,2355.5156008552,1572.70523247701,1978.93490179958,1827.63528870085,2461.14918948872,2280.18886883627,1874.13635154437,1792.5233753106,1724.87253472482,624.108702268409,1858.66403067701,2019.8105010203,1818.62572792392,1592.38751063179,1864.8967091133,2347.59535679009,1848.41890923377,2181.25403056204,715.342474437027,1329.18689410474,2005.62362086946,2567.42958160919,2104.52911917653,2461.78465129743,1943.72614843531
"Actinomarina",6236.77924012433,7436.47427940104,8572.88753142656,7884.38246423919,7909.69400666125,5320.00518935202,6883.10683152065,6310.30267703934,8630.47533355043,7115.8313682425,6434.85516220328,6192.57312037361,6159.24199796989,2208.18055357133,6782.81245299411,6829.60000852844,6182.49635185494,5656.45001128674,6710.69675527913,8809.71450190272,6603.44911386763,8096.6321648035,2606.97039256116,5137.93670449928,6750.34456444698,9455.90705537208,7650.10041215482,8210.11210554248,7325.43984317832
"Alcaligenes",50.9872214713604,84.1618676668616,103.782513589991,79.2075152206643,92.4218431243745,64.640756022493,104.78264838362,76.0992219467576,95.4031588663907,87.3261381623391,64.7010082088888,83.679583956284,83.4662739032941,26.4076059459739,120.0337956446,97.0620362596667,62.2343135188675,36.9677201822431,54.8037722393372,107.208217054655,72.7074166958664,66.9461566373704,34.1694626810425,34.4695631487524,81.1706173756229,66.5733924063108,105.359402502574,91.7465178776354,65.6485030544008
"Algibacter_B",641.753835320243,697.80929812947,770.209701320982,768.558539424901,839.02417899057,439.677740139638,600.796758092038,553.789804658393,874.486026143433,683.121372065928,581.834366525375,577.730072945163,569.075448609218,183.219763970029,595.751292277918,560.946680457944,546.732729448961,483.05192448672,583.228585360303,901.381795527226,646.66395209254,797.662495249559,262.852727544879,500.048205532249,604.193530658708,1021.27683882638,819.68251320967,741.573414869031,715.099971245212
"Alteromonas",240.083558856385,255.326830601765,257.545568966947,242.795240962774,256.355978526637,156.681078028558,208.742186998047,214.462308586588,261.369406645269,218.39484601414,193.973642569698,209.904911164893,201.045869226796,67.3682463537482,186.69938409523,254.611169050436,214.53129460735,208.424674081075,217.523680550135,274.265288150727,207.986625940456,283.636474020123,95.6294061651349,190.423799082691,241.128303793813,327.489974232383,261.419462334019,250.271375696932,254.018182038952
"Anabaenopsis",1594.51244963424,1682.65494589558,1845.17242236621,1660.09079350731,2177.02211033056,1171.60047233174,1520.61076226824,1302.16682052208,1875.4361759577,1702.4318700643,1420.65626440931,1526.46403416452,1313.20835613192,477.503832131533,1362.07715011148,1811.83753385799,1415.87514651058,1273.84311638859,1333.24565026187,2226.23981721926,1773.99483907162,1785.68774138713,658.909832242713,1165.94463264073,1491.19587845984,2360.32437756333,2089.14763604771,2015.964509086,1683.62450734076
"Aquimarina",3835.11221385341,4541.50092034541,5082.47104381533,4910.884974435,4594.40279603554,3316.71939073789,4045.79367005264,3954.149598056,4857.43234117625,4421.89719806992,3905.66632975677,3632.5141271405,3613.58813047648,1367.14139560391,3826.67112900687,4509.36092520617,4127.65934835992,3344.18777626407,4086.3934219285,4500.37695323131,3685.47844732373,4528.59954606133,1473.53231673192,2691.05392241145,3971.60424747811,5283.53816613119,4259.85487249596,4604.08494316861,3912.81775908098
"Arenitalea",162.378832278353,214.978326060695,199.94305564889,199.561431907348,195.725555942952,149.660947093208,170.689404574224,169.508308272582,220.248576240013,214.951011952991,181.848698253115,182.571522452707,159.067633383574,54.4512767147286,185.218131246593,170.154720205666,154.605675343481,145.356263498013,180.680778418056,217.994708551031,181.635592193001,210.962996621791,71.0108450821202,113.497425946392,177.44693888192,231.610114582144,209.455713828219,211.438586765656,183.727188350937
"B72-G16",67.0583641807392,69.8411691566954,83.732615683284,76.9908695035177,89.9313702726796,46.752322808024,58.0311358171426,57.2977273653399,101.812488409244,66.1233528950944,53.8208602607125,59.1471381207122,62.3886062156006,19.1476327495788,50.1413397233661,76.2811159686782,68.9698058425986,48.5108819154332,67.4855060960138,113.788730085645,77.4687572488371,81.4278064303765,33.7073720599004,54.7911388410436,75.550365031813,115.546120414253,85.7854222101551,85.0942308473709,85.7895024133195
"BACL11",61.8974611807272,75.5109604171337,86.1662409184583,79.804644748951,82.9530279915086,50.6123772528117,81.8458682888886,63.8491130275113,85.1997340952665,106.533280417306,84.4574826176562,86.704582491892,62.0671852414777,33.1077961887676,101.551494595129,85.8387576383708,57.7999103651832,72.807524141553,81.2677865485877,164.358931506778,102.15588787973,113.445175220016,40.4466360785923,71.975503823946,96.5825102800257,105.378149115292,101.226165452256,137.31866707102,90.2850927273628
"BACL21",107.295931263663,105.163651737154,131.206486295637,101.117648024008,82.991935621771,55.5195966045687,94.8664963405731,100.508546838514,86.9553058015239,86.5666335831436,62.0532167200885,57.2827170616197,77.7921630951948,21.8899844651162,82.4054375823222,96.2304978888655,81.1106936894341,68.7485916516714,72.8774029070758,138.654115053406,96.9295976340093,151.995494724179,46.9767003655656,131.149031837756,112.134441982495,147.302246958372,198.361118662253,138.1228349136,103.674922248306
"BRH-c54",2807.96940628769,3319.69995742401,3484.37180211301,3380.87243815408,3374.75561816229,2318.37414420692,2664.84279012916,2649.62756815456,3553.92857607972,3057.72745692483,2645.1211557755,2777.577776181,2642.19273458099,949.621330822382,2672.67034497754,3099.97784788789,2767.52057133739,2386.61728808715,3070.34663638304,3222.96262922064,2347.30144754327,3060.60652251404,1041.81298256204,2016.02974795244,2769.28297603892,3478.51038922818,2921.33808529034,3231.70666275695,2670.25924673445
"Bacillus_A",76.4154613377416,64.4995198121953,78.3255910309899,70.6178149297714,81.9420176862982,59.8342460423088,60.0690350544243,75.6341530359575,100.662034239818,90.1778806162472,128.85968253978,87.7595385771009,58.1115517216278,17.8706949801937,70.4642018305229,64.4618173113468,96.4939272770555,61.1385504566906,67.5976839525387,92.9021767946196,74.4544303133192,72.2826368624701,23.8624942991739,40.9903923671469,0,78.3511905739632,80.0622649237299,86.7426533356142,100.766426976062
"Bartonella",90.7295094082736,106.437312682224,136.4117816319,108.269339981948,115.951222158746,88.9235491996122,95.8244539026428,95.1056264208836,134.67956205862,104.687008520933,87.8026059456021,98.2514864869451,59.2879144098697,25.3534518320274,86.6866974865036,131.749235572708,65.4269340252786,79.7900275774289,89.6077001928407,96.0806048293521,60.6157679558119,97.1997924210021,39.3051525636127,41.1180881749355,78.6473977200267,107.151803162986,81.082402471,110.008662003631,79.6211890214658
"Bdellovibrio",317.930057329303,379.45982160927,374.221214143824,357.670000926464,427.862019044616,296.837504927598,388.54359669129,395.417148770658,437.688003999621,470.060897454946,375.531722040029,346.442434936364,330.623477470677,126.09979214391,387.796768036287,593.542770543004,374.635166710892,420.75814166306,287.790873328288,559.662662230137,427.626057684981,501.00078508868,163.891585018787,449.236859094506,510.342527203498,513.7960170205,506.833853527849,559.918728113143,492.663771040074
"C7867-006",85.9287396885232,87.3097085797319,150.763764428828,102.738737780498,89.8449840996303,76.1870932145027,104.597849544168,79.7547935930187,114.149239942381,115.354059731277,83.9393299386689,83.7144364850049,95.4576675474096,34.1578680651517,115.707626071181,132.071166241339,36.930417746899,94.5409649243744,111.349290673005,133.418725593212,96.0826567834629,104.464375825291,46.5423876904031,71.6799388166604,52.3192156177751,127.102670075007,110.404776827183,129.164495565294,88.2496876266193
"CABYIR01",100.425572261437,156.40423294854,139.207811724206,164.710453757343,172.246148766613,111.971230581964,138.10036733855,112.327787923126,160.710787589773,143.973681099931,133.159085932289,116.977031694459,132.11046281237,48.5194505902161,124.142246144791,151.987795311043,115.012058692823,115.567534360605,132.635485769929,154.193346035868,133.838621723137,131.56026591378,54.9942191260902,97.6743565170517,100.037698905825,114.498383102704,134.997187528225,151.262167250021,140.97416630733
"CACKPV01",1573.95985626199,1567.20157211784,1823.66807217208,1788.25778088845,2156.59177814256,1146.52948047965,1536.84801019736,1247.46273220864,2087.89456497246,1641.95835966478,1315.52896142976,1375.92055662534,1309.34471463758,460.551702202205,1431.03023130922,1670.10787570751,1459.51230585391,1226.2475049442,1540.73418935646,2162.49377517742,1610.76236305247,2008.16103134264,641.435380132567,1304.52392741676,1771.83836613522,2630.50206206848,2043.30135744164,1912.90386520081,1673.73599289624
"CACNRH01",85.0396284154601,92.8079307380852,75.0960075497424,82.6080928563988,57.5351077937009,44.8660532512251,69.7180869354975,94.1898198681337,83.1801838194881,60.2896888365892,65.5767587569883,59.9529004330026,73.0419688639383,21.7567939251418,53.1967605590562,50.0493879198925,68.327255470765,59.0722742854643,85.637287647254,67.0745856730106,59.4694327374237,92.6165936317046,26.8116069455305,50.7003265211053,0,91.1362494783232,69.363543633027,64.8975674188047,62.3023976750101
"CACNXK01",780.939032913986,799.721092517581,833.282806701181,860.985069859678,1070.08091671247,523.171084763834,685.274986275872,630.677222346174,925.352919835363,824.790388477161,682.139288303487,720.284831245241,621.66489121134,220.409412725583,713.136183673708,888.426341950336,692.528385541309,621.560543663324,739.6641294398,1129.45056197838,816.056664661873,898.710433991466,339.546892055206,625.5965260142,784.492773736704,1209.94016501779,1038.94548241931,928.597319142816,851.553765161693
"CAIYEO01",271.193208714257,296.075840916596,338.428023134896,316.028002510177,370.948965885627,208.046149348579,261.254376197457,231.157162753744,355.587246104952,281.208272773757,252.600915514293,240.450688942933,250.455471633454,88.6912502426307,259.243660076847,282.369212459048,277.520235411356,226.169239251277,295.747671363195,382.340969266143,268.758894033541,346.701225381267,114.296353444311,217.534906375822,283.00914234193,436.085136398671,314.055864464787,308.850689933829,286.60973152287
"CAU-1491",2671.89895488079,3189.4954149215,3391.6429642449,3116.51404661764,3255.15876499604,2056.85893459003,2870.1819147492,2548.67692411471,3408.07122198421,2943.27562536773,2631.13172685175,2699.40247643804,2441.17776316913,871.410510071079,2720.65146944304,2910.53495671913,2675.68722127176,2367.74713709944,2728.95923589198,3561.27194303555,2733.72492312217,3303.9593212899,1136.7687494474,2103.87078496295,2722.65442107559,3908.72089817654,3465.2202450149,3319.59221996351,3068.78497922245
"Capnocytophaga",0,26.146560683712,27.8222487772314,32.5688747093175,29.3947648009813,30.8271544101939,25.5717708129133,20.1532947218386,34.5571299774528,28.7626839431773,27.8955166095568,0,0,9.09314887912947,0,36.0917976726474,0,0,0,30.9202147215147,0,24.5191607831957,11.5742996360208,0,0,0,0,34.8508073667398,29.9371222105025
"Cellulophaga",1047.3191258043,1247.46691085543,1426.79560575368,1170.62916229292,1388.89533935672,936.948157470383,1122.13847086288,1076.28025440663,1385.21166295464,1236.30981585707,1064.6182780136,1060.10056425936,977.165559887917,352.093859853225,1148.54378353344,1210.1286377515,1091.6990088696,998.863760187689,1114.90429895475,1346.3201764406,1115.4300876333,1348.78876813263,457.971731723209,848.0217878347,1344.7083953091,1522.6279516654,1237.45087342109,1391.05716546576,1246.3371435204
"Chlamydophila",640.831329389351,743.600037845326,827.03740865918,759.061597660314,787.538817533144,543.102080156911,687.951185179431,588.978223492708,705.186042393639,694.432811282824,592.68720239924,616.310825567385,565.676211529436,196.972302573816,740.784618667129,747.255607022538,628.00132674088,577.004130196986,671.633442584612,751.142492451006,594.768873273178,648.001377577932,221.446313228225,438.997516786983,744.02342909623,756.224303919148,719.398614728844,782.250853322978,565.828261928819
"Clostridioides",398.644839495091,449.76960415659,421.917625996248,430.976637535363,347.610012201035,314.791268067306,371.871168763095,354.618270623666,470.385555488534,356.425874528703,410.195041750878,337.903687125022,288.793541708307,126.974502336485,369.910166776708,400.804495628032,368.997386171538,286.650271058586,370.785250871681,362.602358107668,302.789600700087,435.790952809611,138.024414271474,238.642762644207,373.691475796817,384.909251515021,436.909789348999,494.027523957574,397.386214858853
"Clostridium",55.507495903765,65.7259652974034,77.392313225617,66.4736737524347,74.3145011606771,49.0278784133548,54.1349034987487,57.5992450787721,70.1729610233969,65.5330552380374,47.8561951526963,55.7843703859665,41.5629366740383,16.9193744965893,48.6322401028382,54.2920598591368,51.8702231238426,41.6533545791788,61.8053471069532,74.9544979798493,44.9140907655867,54.341035172032,21.5585656800965,33.3793808886979,38.3967418476678,76.9337927402258,63.339444165807,61.5954598473399,56.1394046531977
"Confluentibacter",125.209202652485,121.508626014013,161.171189919119,151.274530218973,142.154917404239,84.662757520726,108.134204552573,117.804905519587,131.276604096139,140.088634346068,114.407910776586,111.488660294557,120.074254958607,38.5529261702145,128.697741469953,161.780918591177,132.710894557175,103.236311353262,130.508792610961,159.579842866839,115.797952566245,135.675839966391,51.0888139263112,95.0063344784822,132.483358360458,134.253866424164,113.33555338733,158.415770338012,119.551059612603
"Croceibacter",3886.67056663368,4124.84620000052,4561.49007181883,4391.9550134883,4987.15188697446,2924.26791560699,3674.54016950901,3232.60507777695,4982.36288771107,4092.63862997676,3436.9821174057,3469.91826110795,3301.06614554946,1251.09938982342,3738.58328378082,4273.85696014389,3494.91175989396,3103.13904811552,4080.5862922371,4953.23381169277,3744.48585406087,4424.56195669614,1538.83517027424,2933.56307264372,4373.6572291194,5877.27417344895,4680.4599530899,4366.3297780549,3685.77689268631
"D2472",2196.63092605066,2778.60766337591,3111.92594038542,2911.63967207235,2793.90299150481,1883.96333085557,2595.26400005458,2176.91036855759,3010.22799133034,2492.4094005631,2231.94289459679,2385.41456752042,2166.45005974147,783.468227864201,2459.80618029661,2526.52196562599,2338.58081968858,2053.56706324944,2528.38130619115,3259.29212450385,2411.47070766556,2979.79840100748,969.924228142617,1854.89370280436,2398.75647098881,3341.90972263272,2876.14985613837,3158.07107644639,2759.40553237325
"DT-34",748.864703309428,810.433870550432,903.003126604448,884.112572413411,950.140020723996,568.322115396581,656.529907624958,603.289700283794,921.429783764796,806.07976320738,710.959533690555,651.846277353329,647.931682467364,238.959131009098,718.690269895645,813.515569465936,697.306357381858,642.89742130211,793.157669799198,956.187572938853,679.446398996179,828.407501238343,279.329607155074,489.517608038191,617.441166249725,1054.65989078816,906.206679106156,869.086310050565,729.924071948329
"DT-38",120.307481874041,146.594058384643,176.987843777292,168.726384717419,175.138522623786,135.096461407132,143.87759884908,153.938915579497,175.913336404065,191.760573905575,132.80312006425,151.910784372599,140.849151173601,65.2204709350358,179.361443436778,155.571737808222,146.472433520496,162.75642768231,148.946343934204,205.499999142493,134.183055821234,222.384935532653,71.1476386531055,152.326468268312,153.799980703452,212.351988429525,222.905458446834,218.248888709281,180.344754610149
"DT-91",210.423124730594,213.867909953426,230.536890292521,228.256263807864,219.120339683177,135.604754270638,204.315203389105,171.431351346638,262.979969625199,196.853642500287,176.334507582369,186.872526487051,148.212656893204,62.8344961203959,178.445379778286,207.451959180767,181.465683360627,155.093545667233,229.217403124488,250.15069554184,175.833640114567,253.319623619895,63.1380297154169,115.219120981319,168.19282314583,254.648481641946,211.168939838407,194.122383309777,159.033550163479
"Desulfoluna",546.799352834015,650.531968997413,684.104619891479,564.77130990033,486.899162671306,410.601785123205,563.92565779471,538.368084950375,576.348456690347,497.543377825499,379.645897141638,450.979372065775,413.755575178268,146.542203106177,484.321830310977,514.685605897095,465.050560791952,408.458431525573,461.614827396722,638.675789666754,458.180997806025,665.435894076435,228.911616309956,470.271975638327,592.587428654116,663.13442778136,608.00880812107,717.103365147071,562.286240771479
"Dokdonia",1696.96825177155,1811.90108228242,1949.27921398111,1985.59084697787,2240.15704432957,1148.89389563545,1539.38035858265,1434.12774944351,2267.8629698121,1874.54509055266,1498.63188698707,1517.98546290352,1400.35952749331,507.400456324604,1635.66255595517,1852.61050448708,1538.80672827793,1339.05050480574,1690.06642531297,2300.13343708865,1696.88393682558,1997.14428491098,710.486457679465,1287.1785897089,1845.32257961122,2660.00472268556,2248.33988256596,2114.7252668979,1718.01501928068
"Epulopiscium_A",7140.72103443927,7592.8055149551,8724.79752150576,8241.78110640595,8331.58640925902,5556.64634826409,6970.66481643362,6648.74036001751,10067.6961858705,8090.63884877264,6863.96599668297,6543.27023734363,6929.34020433464,2384.9445661912,7420.28389719661,7907.43774267039,6989.28007344025,5897.51526685018,7526.6184945143,8784.75397316762,6614.34416300408,8297.06688525433,2607.44763390051,5354.45970074605,8100.39191468917,10467.5728838335,8309.35517332538,7101.53135213342,6528.28062472181
"Eubacterium_G",348.605245995233,429.205906323581,395.602666778344,402.140549600485,383.392622012534,229.835712384418,325.32242026019,343.987867603058,387.189388606417,449.941448987871,348.787697117764,326.149400145215,348.947378875644,112.203876014368,392.467569052923,422.040493246701,350.368162913842,315.60231478821,399.315513821983,411.855225948987,262.234335669265,289.574640562924,115.031894349614,213.252506567131,389.219827819751,401.285828040888,373.611618238576,363.056125636237,288.074945168767
"Ferruginibacter",0,37.037546856003,29.189831276898,41.6629889246585,34.3898840251792,0,0,38.2922173932294,41.0281142223423,52.0380451710053,0,35.8854569574258,35.9943216865704,12.6034342877741,0,35.8527559013313,0,0,29.3938517583508,0,33.7953708962404,36.1946240349796,8.72085618514294,0,0,0,0,51.9650525227096,35.958382911303
"Flaviramulus_A",317.89170703651,387.038802287004,443.435887676804,409.66278215134,390.463860077833,275.649949556326,322.011131777421,322.348625491852,446.986526354097,373.920318235756,311.144270657188,327.027706295941,338.973803521608,121.021285081814,357.614590494835,381.753133597361,336.798562603882,288.458755486857,340.819837044635,462.370411537384,320.403200977445,380.257817927753,127.263745490144,252.329761699714,256.009907058499,523.349354962131,402.849486426409,382.809330601898,320.03669278977
"Flavivirga",115.387311373747,135.105409440678,125.089575933479,154.141631922972,173.459670252688,105.077523542358,124.344910934726,117.406796015933,154.309358506652,155.228077103319,130.657507948152,111.621436750735,116.338690270978,44.3087682012292,135.606517862226,170.24709237265,130.223710377528,104.534491886486,134.182256282601,132.646535054112,129.535788828664,129.373593915944,46.6022406383057,70.5535326178883,151.005686602091,153.432740598283,159.337059753006,145.595122890933,107.646946781031
"Flavobacterium",3735.88018980756,4502.63117575518,4723.44102309989,4455.90725646005,4800.69880984044,3320.15932601395,4071.55566145357,3895.30626979546,5093.60096609949,4516.18077580971,3806.11036813347,3706.2446542316,3523.10801721672,1302.42226938437,3909.06441994557,4411.36601242739,3764.23863908416,3337.25652677694,4099.74478546064,4849.72753059065,3600.40186235576,4479.16379475674,1551.47670359429,2952.75001395156,4093.30548910032,5148.34755178346,4521.97675419378,4763.14300211489,3967.44871448286
"Francisella",2149.31246813951,2062.5708071816,2336.44860155017,2229.42423909743,2725.48699415293,1484.77628255449,1868.29462491275,1616.82654794776,2425.28802374394,2196.12151272043,1623.40971839017,1794.99819772818,1726.45879742192,632.289519176787,1761.30100941076,2019.40874216442,1863.96083309457,1610.03693338288,2142.73322138236,2843.41179535843,2256.59549094272,2592.89799951296,842.591316390924,1612.22626674406,2179.37910477817,3300.1674178429,2528.53632067378,2382.7746412471,2058.69310806102
"GCA-002701455",60.0720099917874,67.9122362920615,89.5603883501622,60.6932979506693,81.9349493976883,42.0442562711085,51.4187096457259,56.5478012419086,72.9414156852768,66.1810487542832,48.9850629377766,54.7488106702754,54.062269883631,17.0722408826208,47.9108724339637,73.9244636480714,50.4046163984298,43.4515917108148,50.3619962634476,81.0992835846385,55.1720260179558,65.4591927309172,28.0243850006611,36.589001408505,69.5060357242557,103.053654583364,61.5300396518366,64.4079758611699,53.7448836537942
"GCA-002715885",244.070246171927,270.948069281008,273.662311029899,266.518771163188,258.230993812989,174.260420390762,195.694856492776,193.271323397137,341.810142101721,245.309238491259,229.312269767172,182.963750802834,180.815292072471,77.1540050338648,248.452308301974,268.216319110115,251.70027493676,192.760387475262,259.868483227479,232.903863826472,166.455475310383,228.142811763545,86.693264265237,168.978751524172,237.21121884813,323.574424303689,252.58167453605,218.23225311709,209.622445415127
"GCA-2683775",1366.23714920664,1571.5070019093,1690.47354512611,1654.53085454867,1517.02972764614,1127.28862376081,1425.09248952743,1369.4651124817,2000.61573496542,1609.92897498089,1432.2907847412,1297.70380389276,1283.76466003179,468.913372116156,1508.43839468683,1419.12781367866,1351.96663740226,1077.15595087038,1480.39220774973,1650.77680189489,1200.92105232513,1719.00344903886,509.594050910525,1149.43813971463,1573.00011550981,1961.48448005628,1632.87538393934,1380.90569602234,1362.36960613046
"GCA-2688775",175.797262077148,203.991849516861,239.868945119126,225.145038168526,220.744990532338,148.520921810888,188.445257001421,170.577117952338,206.206772683905,208.621515471885,174.161906152736,147.842902686027,198.199951773002,66.7829297164354,204.227937064341,258.745971158059,168.924242952194,200.0726906845,149.716193793429,296.85929549586,227.202569915769,283.597121356573,99.0849848793905,281.126428912092,233.470460908627,287.728016835108,295.583284350229,306.269011829022,237.846554527888
"GCA-2689925",4046.00038729868,4838.76637430324,5298.13961224032,5324.08213262182,5905.47901991705,3315.16801120428,4175.61482620629,3856.35872307304,5911.55485798435,5081.03845282692,4168.7726440149,4214.32616870651,3892.88984987917,1355.33572293481,4328.08203468725,4473.63392912847,4378.56131060041,3570.32595176003,4242.69404311049,6079.31543921183,4479.82220249749,5443.17609688442,1837.781833244,3051.75901593818,4150.62088154357,7100.62207833527,5632.9356277485,5578.22502785384,4641.35236337879
"GCA-2691145",195.913020260996,214.895316264414,200.998890671695,174.722205752172,201.986536670673,270.107118504925,177.789259537825,279.929219882991,188.887306688804,302.71337716735,242.757238614341,251.892038680014,255.683185051918,98.1804005483796,169.849572406775,230.633359649634,244.343853723112,242.776077541042,181.408139855217,219.58709308706,169.404754217976,270.68560545981,104.477042956974,399.33940656211,353.438052017141,227.127716838906,189.549056390875,229.40818764718,252.59375342293
"GCA-2691245",2103.38235245883,2345.66716028842,2531.54264056077,2522.89609108509,2384.69737908311,1714.06486802892,2005.54010905639,2007.51405738772,2990.87677374428,2364.9181782623,1987.42212079382,2021.16618052788,1945.89853315541,729.74945420317,2107.02456033856,2222.95133936862,2047.6188095005,1807.6849694679,2326.51793156353,2340.39629136421,1856.88542956054,2299.77977634022,689.499711861242,1238.02156983758,1818.21388868031,2805.74504549587,2158.79534494208,2188.0561731665,1699.11084213729
"GCA-2697505",628.058765498561,849.403134727771,999.248907361226,886.089938823763,946.859475305141,896.294401270263,1103.05489746089,956.439282758147,907.57273409123,1024.0339578261,891.75704989985,687.243552507194,790.493027626902,326.481226360528,1029.62322623391,1119.45118813785,866.905040304697,727.332924951824,647.742110310854,1020.42345447257,705.117067206753,1015.4464202837,353.2796935252,511.920013787365,995.878680323527,900.695220326254,869.882420747757,1310.98135005314,861.768354577944
"GCA-2704625",11110.9592194225,13152.8045319546,14071.0897802409,13217.2752786915,12572.3570187375,9489.79137080097,10989.8208058599,10480.2560882324,14811.1880284827,12069.7344425448,11230.4609246075,10461.2545088149,10329.3886022664,3801.77218030329,11156.1886095029,11989.8361551639,10943.2747941589,9064.41472621409,11942.0388586171,12384.5309288721,9389.70654271003,12242.31489944,3948.40318105368,7476.58262416808,11514.2667064683,13525.2681044737,11054.3032853389,11853.1636629677,10164.9044233694
"GCA-2704665",3087.25186645058,3233.81611673032,3525.13649040067,3382.54961627814,4015.31442175458,2506.53732976526,3047.30499352617,2772.61978383894,3894.56001133052,3399.20045181131,2735.58917671446,2759.14855456029,2737.91378802319,1024.19425806247,3030.84653518019,3081.36687870172,2842.72729399206,2416.51258212334,3102.68297467334,3657.76723929468,2655.80259297825,3345.61791009869,1102.88745205815,2153.03169147668,3203.44868022594,4633.32892835318,3295.4145983842,3049.21834492195,2677.78222155126
"GCA-2707915",694.346182592519,745.530151436025,906.112356583849,785.319859034471,772.69568287479,559.175983741342,701.738478567086,689.440858973293,952.50890976054,795.337534478512,689.069891173878,661.293147368587,628.548655600235,226.20866943649,730.992701163101,746.613482221157,685.594943959205,622.594899348343,693.923739427718,799.731221254904,636.394977836346,735.311238016714,252.517027401883,419.739933247202,689.378726278383,870.502507762771,718.484314790455,712.043435895978,686.865125074645
"GCA-2709075",252.640783413015,279.558531084413,278.211333057509,300.293402155815,329.302895897823,196.728626059727,252.469727551463,260.499634199973,346.659954286316,293.425909967473,222.264658932463,244.870659147537,223.226445087327,89.2668495888957,223.050945810593,333.144042178327,241.982879726608,237.481366487461,254.319834155599,381.184655159045,272.331191984629,307.87065614877,116.629600357989,228.416280643853,331.168126708174,427.247259163177,333.432949730445,315.786670736731,272.793538173343
"GCA-2721545",105.846946979705,105.575489376512,129.344772052339,119.035030689564,81.1230311065317,75.6887336829287,84.4034307415348,76.7230729805599,107.834862389777,116.004864136338,88.4036497213875,72.8702982505348,65.1945250863792,26.3171139939211,93.069157033732,65.7581702019634,82.1271663034397,66.2422730592818,71.1982655596401,85.2148616493972,58.3680133640166,89.3064235177985,33.1384290050611,60.7999857172553,70.7948438447462,80.3577711560672,100.556353819107,102.75149820917,76.326167563061
"GCA-2733415",36.4101246730365,41.8556358742494,41.7139026154088,50.8905508973812,46.7827570430086,32.1098709566853,29.0710907491292,41.1935699476049,47.8091547036301,41.8695206102865,0,38.9850302992657,35.0836790279342,12.3062509865194,39.4510539887454,47.6307869113922,39.1474335793502,37.5352776971978,50.6564919047731,42.5792013614681,33.8049249285797,39.4415708394103,15.8546421688877,0,0,40.2571174815636,36.7562961211726,48.6339161192101,39.339466624969
"Gelidibacter",39.2584423282062,54.2774338741984,60.0340488522734,66.1426865783366,50.3519502580668,53.5842196354176,67.5828882696451,61.1463415236268,51.4383026005703,64.6657848796193,43.5405244255395,46.9699111346463,58.2858396823078,20.085907526121,65.8278608726937,76.976874021782,50.0397977184311,59.2545898357716,28.6336121073934,81.7216530132023,60.7872416932157,71.6047574597203,22.5006976396709,58.2267505504681,77.9619782873411,68.1001736638404,61.2618592193133,86.4191524146988,42.2126519773295
"Gottfriedia",160.05431280698,174.783587562315,200.925512898637,187.389117759615,210.795471457941,144.733515255833,170.278320341491,149.369557223747,218.546736767094,170.000079241971,156.216531527273,139.185181327136,169.668831655301,56.1351169351752,171.792932535577,198.905285681558,153.495721125425,131.185876549512,201.954418448231,188.953468430074,156.251458232914,186.094208242404,64.7858061312701,110.996949537677,206.918700572245,277.535846219147,197.916081078836,179.331794354988,159.208856316866
"HIMB100",249.307970110551,314.857631990136,343.502848298142,341.628112978851,267.51248987331,236.757501163205,249.750848166953,234.994207698687,341.3995079281,281.627627889388,250.720675967183,238.990111038535,248.919663971822,77.2199855940775,264.287432990973,376.329884821398,258.780909557141,201.15480720521,319.242784533607,285.683702378697,189.312580931152,239.652444438464,71.9653556909913,150.816273578615,306.941098205507,305.932389849428,261.894753378734,322.141621703406,230.263704824007
"HIMB30",988.918052234165,1072.25168399478,1229.4982765838,1188.8739584625,1547.7011241376,700.804526091947,901.670093253593,876.070023990288,1344.77527343408,1204.33918029023,1006.96065697467,970.206226225763,953.074930855677,369.994121218581,989.59384390411,1646.22620534005,1102.52511026246,908.679066526019,937.103571563929,1586.48015020631,1275.04945789208,1221.53205978135,567.519398449483,925.287300023492,1293.00448683533,1708.29946597244,1525.85183937561,1246.4671750032,1071.16780867119
"HIMB59",3715.82768308948,4138.50713265265,4579.38179192164,4421.96491754986,4660.61752851736,3031.89051723185,3673.65400445812,3305.39536363896,5200.6292833811,4099.27807262395,3515.10442853068,3340.45010613706,3318.28917230814,1197.52847760454,3659.02777174245,3786.87312025237,3505.4338916345,3090.15516188593,3794.28452621321,4745.56917196162,3469.25350020911,4233.11664245962,1397.78609365557,2791.08668923059,3608.01774637305,5483.83429127964,4273.31528375161,4008.45620864397,3681.90275696223
"Haemophilus_D",112.275193776304,128.695347566752,164.947465037031,143.079653224889,127.958514189791,122.797730390648,153.996967907834,155.892633019263,168.412574666175,131.115801795579,133.713190522257,104.715039652193,120.600095451968,34.4930132241038,142.514060048542,199.936609620081,115.056361860594,126.437203937461,128.560005335414,227.396278005157,142.699383809513,164.04101731512,76.1094604631639,127.241071895119,170.438966255417,201.427372597606,211.506871001111,167.917943222691,153.557216462607
"Hydrogenovibrio",142.928745349083,171.626983857486,152.474528408693,142.504628575212,138.789311257815,101.336582263587,162.253150941818,139.829444755668,159.530773102713,138.181962458236,94.9457233220309,130.286436543433,106.911992095063,34.6132396761008,137.085410291971,102.854023478091,131.130284922546,113.194103768891,109.0058022624,177.386141371825,120.282426049618,134.626435605073,54.0637508035788,92.034169664846,103.411624402286,157.70996203124,156.383102624105,179.001038989451,150.406679485766
"Hyphobacterium",21657.1911163439,24259.4257410235,26560.4450052225,25732.836150647,26606.3669130749,17265.6310520615,21980.3732179169,20664.8966967195,29439.0408586884,24074.5493057853,21017.096840377,20516.2370032447,20171.2646566426,7199.85804310832,22143.7965419709,23929.373952478,21252.3054677288,18659.3136219492,22725.6379261733,27146.4442249578,20565.7238559579,25343.92364102,8445.50888722222,16181.4619979129,23274.8658887863,32239.4553396007,25831.3539208688,25016.1617320452,21419.1677711231
"Ichthyenterobacterium",109.772340219325,163.040786605331,143.601748330949,130.442320061965,116.835779838288,89.4705842280856,118.634713122081,127.65165744651,124.08537948663,108.689729602181,111.56388073612,103.765051330443,83.7806512130045,37.4728336137616,108.381744633428,96.49968718221,90.7682207692549,94.7181955001159,109.832752212635,103.747404123741,90.484499284546,122.21212631247,43.9628176656911,75.5474462094654,113.517497367548,128.02290324636,115.297866228875,126.032838150522,103.98819169962
"JABDBA01",1079.21495864829,1148.37310307189,1341.53092274983,1336.74589365134,1512.86135994084,804.526453685612,1194.22294709582,1006.1407563364,1484.26855297365,1223.45729639161,1035.40105315405,1058.67770643611,1004.08638632961,320.44484310833,1093.75748398065,1226.71690987857,1049.40313273067,877.109907648279,1125.75446696446,1640.23003207346,1212.88077150727,1460.39594708074,481.596629691522,927.162861940244,1289.58961844077,1936.75325934878,1602.69058883027,1427.7883319526,1254.93886895612
"Jejuia",926.689474755067,1231.27524080893,1282.57159280598,1317.91921849446,1538.91589356302,938.709670744701,1048.17164462672,963.264661761696,1311.13680830716,1384.96881058022,1258.42321343004,1027.68676825588,1037.51671986156,345.140092203592,1057.8051930347,1400.88290730564,1245.9471325215,983.314307178253,1126.23007091262,1367.92157450168,942.749203859545,1167.36488740644,421.767293950624,777.213628113822,1156.14824117843,1435.60050139562,1269.9924590039,1239.3073996131,985.706149686175
"Joostella",3392.00637894835,4009.35824559902,4456.20429661916,4393.04547568181,4463.42606078538,3018.19725638044,3301.97221152327,3412.5608834461,4821.62550721938,4125.07678436961,3591.36400772573,3428.3286204749,3417.92497065091,1243.99802124539,3647.24630395171,3961.46871462202,3635.43451256339,3127.93440458661,4046.95056329844,4244.09003248507,3000.05762069279,4163.70945352164,1285.90260038554,2498.84466604073,3605.383426617,4720.58995695911,3705.98435467002,3979.20227328186,3359.77395398517
"Kiloniella",226.20167733497,260.230598419911,251.017772004743,258.338227275964,284.116898802584,203.558605674475,215.038205587395,234.815724088641,298.239546856951,228.367007869388,244.184760680451,212.702423601897,223.332966512651,70.4552598082026,233.179066159662,307.159988215479,206.129337000047,206.078913934864,227.656672200232,272.440299246414,229.475716033346,271.246104916479,120.624094406283,199.092927704061,261.706269708172,377.559982762302,304.566380439586,269.631336264941,251.348673146765
"Lacinutrix",1445.5043027132,1691.69001309102,1853.77059735957,1787.0036820714,1834.46748440973,1187.05157553786,1517.92425327301,1318.1759539327,1954.0971450243,1675.93933102607,1397.52789476765,1518.85513467463,1404.46950862513,498.999959852651,1579.00949932327,1597.62478405835,1429.64451178251,1364.95796617305,1475.05124122308,2061.95244240059,1501.2425156157,1875.12628797391,581.683863418452,1163.82618412341,1569.42130199273,2249.24593128712,1932.11897956579,1803.81942916905,1517.95900026055
"Lactococcus",196.097887796489,280.437905199087,278.669450642974,262.319199673128,280.945661168546,191.620751955977,227.380716825154,191.807401917614,273.314970064316,258.214398838489,233.994427214361,234.569646555536,232.380862900171,77.968779098455,284.417733256312,294.957995872648,269.234887715303,201.6543223711,230.439254973329,280.581988078128,216.557769033019,235.572380796853,81.6680158426154,146.27227088611,243.633312995605,239.007813355784,253.326368069771,301.589778986044,216.922799970145
"Leclercia",167.690989933514,173.606781081512,195.518156412721,176.162173839682,219.934908111343,136.991383742511,161.196308216438,163.36203744347,213.444489335988,181.966167200119,176.22873399164,167.451885686834,162.943652865584,51.0038251682448,184.096243174777,210.582046745615,159.153808326848,141.597963287542,133.904756989436,232.81457028663,178.062179274446,194.269539371119,77.7378477582099,133.102472526336,174.216430916827,245.064380331657,221.433187504316,209.055452519279,148.727166797872
"Legionella",0,30.3138891843669,54.1331111261958,48.6624732786505,43.6147757224108,27.4161046556753,0,34.7365470343427,59.8663445606481,70.0726076573718,66.9801417649609,36.9687315060574,36.3267413868804,16.3700588056267,27.4135913125477,33.9644404878241,61.3737514074207,40.5912361306695,28.3661387499404,0,35.3926798966559,50.145800444912,14.4051914334652,37.5845217834824,38.9281931183512,0,34.4026373390713,53.6649723933177,60.4725598619
"Luminiphilus",3644.23199997524,3616.22533771773,3905.29845379657,4076.91714142361,5147.52371800998,2606.1323269139,3375.8584694012,2996.46986302481,4756.10396652864,4019.84480900154,3470.61121773178,3422.1003526787,3449.52352704746,1260.93327630059,3746.56285726084,5418.43185626494,3629.1525120397,3246.01397875976,3402.30469207915,5563.9315117421,4210.27441529743,4251.86426180601,1880.14974154877,3019.31509328538,4639.06408965063,5953.66758801232,5287.02301246952,4331.21097074528,3720.4065410093
"MAG-121220-bin8",232.54746908435,267.447095225664,249.157495707137,236.029716719016,282.080915023624,161.850975770078,210.342524013744,200.760541521902,297.756146489368,231.168310607396,233.95526493507,190.782386632824,218.962452317486,77.2955371469784,221.52572437476,236.376928470314,210.771172811122,188.315271377258,246.04799404408,316.839960522191,187.410537281679,241.643444074875,83.0400880099621,151.345608135947,251.690091394021,289.928825969037,243.035882401972,206.017649689048,182.597357758498
"MB11C04",3739.14917633035,4457.02767862503,4833.58227378149,4505.1425496645,4551.19148652043,3204.10082234966,4032.85808114962,3774.2414574817,5224.35215547158,4426.78771538133,4030.24216750583,3819.79027988994,3932.81063842065,1424.32132922439,4182.91856899373,4560.94405204563,3989.85014593331,3517.47692783861,4059.43048082282,4855.00144016015,3825.51372786763,4600.21870762167,1583.90119455977,3061.11347394494,4159.85753912992,5690.81516126444,4327.65069734962,4275.20207104612,3888.38067341595
"MED-G17",642.792971266998,800.049270330696,810.941784828223,860.768161535421,928.579734954935,528.526286533609,597.847750059628,581.785713930753,846.729229402971,863.608487871687,645.007528658475,738.073187728263,620.13046281119,233.205539919512,774.803160863165,866.364068031831,750.852516666197,586.922874598898,757.411059055136,962.032948752052,713.576147809866,777.497006476699,249.844523941392,513.779758858645,608.862327621825,924.313889727908,804.843978866289,718.451124453286,690.162183416074
"MED-G52",2795.29808772535,3023.16679617463,3211.73276386827,3287.32922228062,3189.54216429052,2055.43877198377,2583.80517188311,2474.65547966324,3518.75531193975,2883.73570645428,2573.28963414214,2569.75859443159,2548.92225745495,943.406440471642,2619.99629635363,3133.70218264828,2577.89805452911,2264.06093773638,2922.80986800825,3269.95674509905,2552.17726469673,2914.33162460886,1143.85672437389,1985.1992558355,2937.31867277476,3764.69027751375,2950.60432114038,2916.5405570874,2634.55035041415
"MED-G78",158.351562187545,184.81555817025,196.617087263513,215.390984291338,160.710566044234,113.569570973244,131.745408654301,141.982236985388,178.717119250435,137.351391037777,123.033807438584,118.289289193732,95.1844087338845,33.1020790028698,111.803148675381,159.018268378462,99.3795811767018,88.3001741426638,146.238807554625,149.916542019775,93.0849502963195,143.908526711209,51.933461229657,79.7862973509594,122.537276002742,164.609267867607,158.96797669288,150.551147670162,143.345516578088
"MED727",180.682490523588,193.670062565481,254.936199540848,215.137522701931,262.481195336495,148.940350059588,177.240781969486,195.869851752161,293.553807716501,240.457032471819,184.304131981536,204.667456135006,166.270384409017,72.7234644433053,212.949175758693,220.193463317993,227.446302465298,167.261799980395,211.656635181393,226.658957529853,171.206673788914,214.028705590493,62.7753872411295,101.842637753938,144.683607043395,236.628067378515,174.219690808159,226.222344626774,163.737289395966
"MEDG-81",5569.46241584017,5924.57070954127,6343.02035795862,6378.98013373749,6998.35325839283,4149.06040663892,5306.73640391759,4703.51336426088,6983.89515189844,6004.58274369603,5192.49014018507,5028.69071185974,4985.77694536138,1807.5869292405,5159.94478676803,6168.08442842294,5228.21658445467,4593.86687394865,5637.95964691861,7276.7220790587,5485.03488353289,6180.20218350171,2213.75334857546,4109.13444016653,6163.27023329428,8565.00306179425,6662.53566653895,6213.9135428488,5420.15884024364
"MGIIa-K1",117.663411897671,158.14425643422,182.677437520877,176.420659701801,146.057072626843,147.763948380359,125.682085173441,131.213490731917,163.563999537235,167.114383804526,149.268488082025,110.119892757818,135.536342037043,41.0172886726226,150.069313520762,165.569620178786,170.400639548409,134.808115016596,142.696750970055,191.178777626726,111.435712553326,162.201143381338,58.2274960680472,92.8441881981538,150.889441844283,196.026865531416,146.667405217831,158.550292036992,136.966156841161
"MGIIa-L1",126.386433775365,166.872199025747,164.620277086519,163.825211489219,144.067155240849,107.480026116922,122.338872012734,140.401749710064,183.226058093166,147.242511468624,136.129854647702,131.417456171892,126.518400379686,43.6995689983591,130.222037251318,164.433915219401,132.734381831063,133.84515357212,158.120714126712,187.544945769012,128.916263349898,171.008811919356,54.9912836657086,117.468729404951,168.555562319827,199.173163846744,162.596035945806,188.168145624238,145.796084229755
"MGIIa-L2",82.4125308606315,127.534843255268,115.599528312972,145.90430126546,112.973131636821,71.2604376673799,111.70738545456,101.857762060476,169.131634894878,122.450342248275,107.810048406837,85.0817897953496,104.5074147388,16.3686366315724,98.0173021276014,144.88019067101,116.278589171424,82.674866885945,87.0339923045863,137.429876250933,101.383396297611,115.048250781494,53.3731327762747,71.0812537681588,0,145.16656150304,121.645864753386,112.407042411011,105.2659971069
"MS024-2A",416.056734733047,427.175697820747,534.023454238586,513.890740301895,513.543202872806,347.925549872503,350.529922621455,359.260142955529,510.216265864176,468.330362859993,384.798059405145,413.703470144183,386.142548088924,136.357142303116,418.927057450899,468.78051594569,393.566861143687,331.050547361832,404.480009190074,524.157163309648,385.898078131403,399.521949024157,152.894118709325,287.761560692871,470.87063363029,457.224803912819,453.690586740029,431.486120124052,350.043432188319
"Maribacter",113.582789707981,111.186965187849,163.470158772518,148.057785246022,155.451744239507,89.6942542135414,103.709312729691,106.610180734613,177.609483903113,157.016227214907,139.783439587075,97.2411076734582,122.947003174247,34.4965397845633,122.448339609871,122.83700290821,126.187756073687,116.395731503682,105.658329625737,131.32629046428,99.3780001193593,151.043346293894,44.8050685608473,85.2386488533669,116.97753462875,181.569306352159,165.842397362016,166.436480180168,140.024497228979
"MarineAlpha5-Bin3",893.577097671214,1325.36947994072,1492.63934319133,1260.58686310427,1324.9810313522,1036.75872528539,1369.43273352655,1237.50898469565,1513.57851482954,1419.41111329027,1175.70607223926,1220.94975372395,1246.88654413127,391.750571214245,1375.48056508737,1257.03250864422,1196.93151685281,1114.96869003011,1064.80519031552,1710.01085739039,1276.76293163632,1442.83619227348,523.900982067069,1043.55517031171,1069.43276518759,1850.29833792646,1519.43244909984,1806.73235452235,1578.74012658454
"Mariniflexile",78.2718736728103,74.212950513937,91.7553571432522,123.081217762278,112.195092124191,53.4649256002843,96.1433466874564,81.8862091482292,116.257541751539,88.3206579196737,57.6026875379938,65.761335537274,76.3103411426451,29.6234235562504,88.9483747590277,105.666498105518,61.7717682450287,58.3861520303799,95.3312779716261,123.926277339913,70.8466598787447,91.705562519421,34.3816481474402,59.3799020007796,67.4685982976819,132.405888144751,136.499281049412,101.606228878601,123.997922631951
"Marinomonas",38.6406636419174,41.8091606723879,61.7750445767419,50.6075777099361,68.2993385469131,31.9024328893098,42.5830407286676,54.0473955900538,66.0229352850499,58.7279704568322,44.8301854995249,34.8146419130079,45.8044032746025,18.4872180842801,51.6545893614223,80.5677679088211,55.0455631408463,49.4384830755379,27.241547046685,54.3138167186572,53.837913760091,59.1300874227201,29.4534766006325,73.0280568379135,59.08873745903,63.595612568621,101.657038915156,62.0646354988107,57.7922847007932
"MedAcidi-G1",49.3359793011843,52.8311851233716,59.1205500324355,73.0575556473267,56.4001178213971,38.4293677446524,51.6347251739871,52.436157002609,66.1748806302008,67.0000882667514,53.9530839533533,48.4088396453176,54.1496820537038,15.2787641581072,48.3128481714287,85.7203846501476,66.0688207261422,36.4863442533969,64.1111996973465,41.2935109118646,39.3382986881557,46.8345419825463,23.2133749115926,0,0,68.7207182248477,51.5589141053628,41.8746495195752,52.2344519942277
"Meridianimaribacter",460.716634015288,565.736181439933,592.539420430288,493.609547801238,405.682370245145,389.275377253911,487.739905132997,442.50942569476,429.123981542705,429.789049067729,333.379250922234,367.499306903653,377.034978012273,130.579494116596,403.663637530989,470.759400886517,348.752875427523,343.245713615949,373.815850076442,546.342421972971,452.547703139763,531.450636538678,202.72915030471,374.392510684967,489.357357576592,632.897239949149,492.555686629441,632.216061170167,533.689168902935
"Mesoflavibacter",865.416473837315,1035.47815020333,1063.98885556353,1009.01131650663,990.207619348223,700.724292551427,907.774632965161,878.406581880486,1020.52052205509,936.633013041688,852.110208036463,849.5259353776,742.344836472342,289.229611266419,838.707974580088,1018.17663060877,879.337488408923,725.798654887995,891.905008090771,1061.15462256205,867.491179327188,1029.61797769452,335.730882935761,697.081834518567,991.292718468385,1202.7437715007,953.372311159454,1147.23105928952,904.953290561632
"Methanobrevibacter_C",246.188922295009,322.266130183033,362.324417258895,295.719776924597,298.05129657972,246.665757401439,346.037972964695,323.129603499318,327.688681268619,301.591729075222,269.148352881846,273.118248950175,279.582827628682,90.6311202924197,328.334643220113,286.446315407673,249.270934482285,274.174657728316,310.776360474182,462.408897797733,346.326602580319,472.529189514378,146.417607721453,281.62873588751,395.006281177491,495.993323373914,353.605187636184,439.067550850418,356.831779088951
"Mf105b01",248.359046029556,249.663022527555,298.193051917889,286.771691322364,356.059591425625,166.456120544376,244.975638496375,209.751809675363,341.834678303753,282.023815734242,226.053257481806,211.132558531046,207.609538854533,74.3258960431884,244.548021179591,266.592044239757,210.105114295244,201.887083463984,248.642534822927,346.763462338165,270.69201636878,318.4644418564,107.625898181051,199.778349719196,296.590751939444,410.280221394979,323.121451658618,295.848001577916,272.040017772357
"Myroides",95.9758895067187,143.380281149019,163.849214870591,130.279545154032,191.885488567497,104.331991892202,97.5010767468743,110.18726704274,170.699457981409,157.041012342597,103.18066282536,109.089927240745,119.176644552704,42.3980192249288,154.660801377127,134.135750014884,118.672174874145,117.361337733751,132.157027062045,130.887359798762,121.63123936001,112.438644138271,43.6103445646189,83.9425684440521,116.680828765102,153.257423713301,148.142976537946,126.974644793077,118.554644858313
"NBD-18",872.30355661967,895.1969693624,956.455788215546,999.689388509313,1219.95536279614,574.696022679424,824.236839612481,748.485911064249,1177.59964817227,1008.64233850101,895.371443827519,853.764881652784,851.884262750256,348.652552837847,962.679653461708,1246.89223033135,829.851551246159,752.795263913573,900.230016265765,1327.33191760461,1050.73599167676,1026.67587277332,549.89059028036,736.11784721072,1130.22398613196,1487.76982421545,1197.28146430566,1087.25326100716,950.691498891849
"Neobacillus",55.2435789148696,58.6175219049425,97.2838499180175,73.8300880118086,107.850744766157,54.0493383171023,62.7733572170247,76.9439011618235,86.1066400867171,77.5976453688461,82.2117380413014,69.374879473533,67.7668831183758,23.1624875975566,82.7187459068716,120.481814314222,79.0572122276342,82.5310983371405,62.6791924839612,120.009118456805,88.9617923443955,105.09303093102,34.8723588090479,100.557342999378,80.6016264385085,102.370303744847,109.505593534956,102.012314184857,70.2882067899227
"Nitrosopelagicus",163.839051715509,182.083259097325,184.030323194546,175.233182933059,177.117515262904,126.137905496262,155.463068575811,144.850887315541,201.845483643377,189.587781064118,182.914996419558,145.627414125768,146.467337054549,56.5853129208211,173.686703297557,179.898989642503,167.57689905441,144.362228317893,170.695744606047,181.188371774161,150.438067414171,165.866982642389,56.2546432503437,107.83319977309,152.768609603679,211.712343880141,193.80237126263,160.586798020566,149.286899095231
"Nonlabens",477.040703234095,484.364334536387,535.836508059328,550.295265843972,670.015630606095,371.734690239498,442.803054786435,354.523169670136,599.391259332067,534.826780352482,434.636747975054,425.647471500424,401.762454510159,147.788336600946,441.111534112347,486.3033906351,422.96957213024,385.017756691263,503.316320010044,608.823190125782,469.064533871002,549.806128803119,181.749085382046,345.904157758245,489.753475777463,862.499397109537,556.631069160623,539.53089796517,490.024554861715
"OM182",478.527287918926,642.040802244858,622.408879295929,656.991729874195,658.659850066934,426.832654162562,576.419405164591,519.276774922036,734.495541302313,650.202672347436,554.383457194297,548.629985701338,484.814065826492,179.806818303325,570.375143585721,571.748615666122,476.984625389961,448.976956013064,587.461317516169,769.521661931273,571.215755405408,698.017326403162,234.149703764846,425.843725607766,463.765239158992,780.746498187248,645.676191813105,730.007367411898,675.47951739641
"PRS1",272.346276653037,304.533836737233,348.420962906634,304.881494986852,347.023717452058,219.261344125519,272.780407018766,219.775538345137,380.275522499674,284.753184371634,265.852601417374,246.106635473519,283.267772241019,79.4663943402267,229.120426154861,293.605460012972,257.171039963394,226.563771399584,278.356289094416,366.380646016759,254.243239948118,322.547582777202,106.13214266219,175.279946744751,247.189210330619,424.831617009243,320.872060972496,327.134885891333,262.297108884551
"Paenalcaligenes",84.3764435750107,135.013425350152,136.643435533721,99.564283158096,102.11173924594,60.8426058418584,81.9247286233423,91.1196901727155,122.705015108624,113.820790319801,97.0221669419104,79.1875818971349,87.4667039499514,24.0297237405981,87.2601661416063,82.151619791355,71.3888406138985,68.8974806051884,95.6676940210755,91.5331332965478,61.8149641947607,72.9796927564481,38.502146343833,56.2277753653158,75.7407020423922,90.9206631721863,99.078169700062,90.7559429741185,81.1259403037586
"Pectobacterium",170.218456345234,165.247124121921,208.344546898973,199.005447618124,215.519252088059,104.437228779524,136.767883527807,155.02799582912,244.170705362456,174.008886546848,146.487870477652,168.358429150799,173.398437226008,54.5799833383108,208.473225007419,249.848076718833,166.059772261181,154.172860870964,158.621124614718,246.318249306841,175.914661083835,164.727189724502,78.686783506071,121.538816772054,225.056608583893,250.486805931835,206.427754899438,210.007384213294,140.609319504066
"Pelagibacter",32938.0670161613,35649.2229386609,39937.3722204446,39333.0826820063,39641.2674389193,26628.8176116977,32023.5042011994,30648.3192427357,44889.2316915991,36445.6653100882,31592.6819300014,30365.5152712106,30909.4790158038,11325.4698334605,33108.1311956818,35975.1288504378,31761.2865346069,27710.4933405397,35156.2538677587,39432.5150927971,29825.8890160062,37307.5792438944,12018.0871497242,23581.4414188836,34939.0287242144,46913.834324759,36712.2308775847,34559.9149046903,30025.0989265926
"Pelagibacter_A",17937.2588661031,19539.3204171539,21938.2555564391,22057.9619764963,21820.686826999,14974.4096193258,17759.9781002872,16777.0362528842,25447.7723488827,20774.465796854,18063.3633563428,17369.7229067937,16862.1783042051,6324.38309562185,18522.494051513,19550.8741795078,17552.6236357659,14807.9579288067,19682.8529077956,21559.175634458,16402.84961816,20429.2417603198,6554.73712726049,11845.9743343037,18237.6851295762,25111.3291650106,19974.223395482,19476.7051271978,16600.3165237272
"Polaribacter",813.443243682762,1020.43614643145,1039.28401263561,1015.50100529645,945.766797050894,802.407998825306,874.237284519285,824.783999404435,976.448327304951,751.961954168645,801.84781214549,736.695242843402,790.93897115699,289.328814387467,792.548028996229,848.280885088101,794.400251563855,656.571416925817,865.148447015611,963.111951848916,743.712950353736,993.594078327326,292.092636135927,539.686374984833,888.866643009409,1131.18901717189,781.767775384515,961.768911042757,790.099709529428
"Porticoccus",0,25.903577543704,0,0,0,109.808050406284,47.5682126204629,84.7971479428425,0,74.1619589231632,87.7553411257681,66.0524728895677,65.5847146234313,30.7741910536151,73.3756114012038,61.443759919371,50.8952153363525,96.5426484451785,44.4367490525185,0,0,36.8200106181779,15.550791016917,95.2210134196132,0,0,0,42.9972944447645,45.147614886558
"Prevotella",595.585588616752,608.653614090911,660.871416530852,653.644526730226,663.40664881452,429.281636482939,569.575805256778,486.561606069071,655.09648259997,576.908933585763,464.971376386799,507.736784803138,540.14490851223,164.419362163894,515.583572944992,650.924998627035,522.560789213809,485.039855122438,583.003534319843,783.151055965499,567.014970940727,628.721606253504,205.364417268716,438.35254732168,653.065662527545,836.084414499461,656.161546442528,708.323508569972,510.748418561651
"Prochlorococcus_A",10131.6481754164,10791.042406674,12070.0409052156,11764.9711222481,11283.7684302892,7606.55368684477,9557.07307125217,8846.95986658005,12293.6931624155,9896.8261939619,8501.34589328,8886.39132802571,8945.33266460764,3255.38838803432,8997.18722919786,10345.9699912749,8671.66298764769,7931.58693682709,9860.6221642761,11728.6658394283,8819.54534005293,10842.5549220011,3484.1015130575,7267.82167663333,10603.5635347013,14189.1269947304,10258.9847004396,10028.9653625527,8896.91946074517
"Prochlorococcus_B",497.278064262061,683.032499790535,680.661083704963,657.637585241156,640.813945815607,506.601751727531,520.871018267133,517.75048677421,637.3149611393,643.661557980799,555.500851169011,555.047534089347,396.878130046793,183.731140133044,535.767082914625,602.568156095417,513.818660581085,439.248470001514,474.406736371118,687.06981251922,512.988135441226,559.796198405784,209.496834663185,378.527355123215,386.210529913181,686.118742376247,646.331715561578,741.425971570536,564.152696688649
"Pseudoalteromonas",1034.86470389135,1153.80952678479,1275.04446613067,1116.63058476732,1194.10631092092,746.441906546866,990.684745683949,942.618954100151,1361.28718114966,1051.41602100969,971.812468212373,887.350596977644,888.689678603193,306.366788087632,977.355406215492,1091.57607807767,934.408254350505,872.990249883136,932.75629645901,1327.83134763336,1039.90708901766,1230.12427531162,414.433960900316,799.898899079035,1052.72449008382,1527.77702856032,1236.89541070394,1276.20001866723,1091.51762801466
"Pseudomonas_E",68.7393123869343,87.0203550188115,103.993287499339,101.068356354237,95.0842996896467,70.8493344624197,91.153632401779,97.4082878144555,110.344575098097,101.24273422661,101.595500373828,88.8843059527201,90.7903940449855,33.1612156231515,90.980458868518,125.20437348503,82.245470871381,95.3196995866889,84.0481462326426,130.430929224185,102.837901090757,102.323410116317,54.1006046567987,67.9686584607206,85.4788902255471,100.800847781693,100.79719887419,124.4575857394,125.619739423923
"Psychroserpens",3456.0592893913,3791.48116719613,4486.26638490191,4262.86076439574,4659.82488497802,2768.38753069204,3584.34539976903,3218.10409400107,4764.4425261059,4054.76170508472,3388.40656318809,3251.80685311831,3169.86865953054,1097.61679766761,3467.64667419292,3920.97364639441,3414.01680935815,2959.17466541317,3572.42563595771,4743.72440398537,3604.16485277978,4552.06942418351,1465.05964799635,2600.26435703248,3803.54746275094,5372.02493042304,4256.17929697337,4346.4904250395,3859.65836482094
"Puniceispirillum",70.7627443007685,107.87833208754,115.935596641701,92.9511058145649,85.2649275997648,66.7441698069886,58.8374871618642,74.0446165422149,90.1706487159317,108.915095969731,85.2370696095196,91.6540797812545,64.1469583069884,43.6049729923218,95.8886336882378,108.836232201058,96.3380898200436,87.0352430554967,59.679851184265,90.1352425918406,61.5196737330992,65.9422360272096,28.5513434309,51.9477706064312,57.3520154623902,86.8526774247784,80.472171821178,109.957406694003,69.7153847559137
"Pusillimonas_A",1817.08379239416,2204.8510610604,2424.99138806667,2250.44820067057,2225.52186211489,1455.07383019498,1885.70016995118,1789.84719132299,2324.21527867859,2019.60822219096,1779.58638848276,1885.82979309506,1692.9842897991,645.246820193603,1938.91753400919,2348.16948447507,1832.85332878241,1686.77370370126,1822.07423364392,2221.73253116428,1765.99086010787,2137.54026432924,871.110403273827,1297.1552892686,2051.03980364231,2456.70636519458,2075.48137565752,2406.80972936975,1926.9200097562
"RDZD01",53.9995783147445,52.9438149416314,67.9448909100374,63.612831735051,67.7102014034764,40.2484357425852,50.2282597175088,47.5553740831475,72.0125234960887,59.8836562773839,49.5584546390282,47.2543425307969,48.4184026254066,17.9441652464304,52.0624018645561,56.6618804729866,52.1147796152401,41.5634942460144,49.0832793638479,71.2646325641918,57.4169874097708,73.278014980369,22.1077788661108,46.942674828675,56.6620719976831,81.1706715158764,61.493090091104,63.609873101271,60.3411674854542
"RFSX01",69.3998653315787,104.587201286493,118.047785709131,93.4423941867993,104.914724698037,63.5841909857494,104.346156995591,94.8246517958539,113.521075982812,94.3228520418125,79.4568646792214,69.3335371432509,69.6542727840882,22.7822671439977,66.2573851156099,61.6982542368695,61.9509927991783,52.4546015566629,89.892206623493,91.9127267462427,79.7508148471314,92.1753343972374,33.5165559630356,61.3390971533967,73.0455120071199,135.759183211847,86.2492352750078,98.0949693571286,76.6193524003585
"RUG163",395.087614092022,505.186113668003,586.916218936608,546.410811358753,511.97616140313,279.061847225268,430.447413568486,367.728496131471,511.667392861342,469.403464238869,387.084575275935,355.388844387439,361.218055287284,127.376822825587,420.364737686751,435.397759367163,322.303500257463,362.755748022314,399.259740729058,486.585253464124,401.09083131198,462.016716997567,137.8562439527,240.059426673675,421.831994517918,599.78374410619,493.101807444456,487.254063494861,411.716981703785
"Rhodoferax",162.98621166981,162.992655282359,225.983979855555,191.70669721527,199.556538211447,102.369697257509,172.213117857486,161.651246232071,198.298025437568,161.677638377943,166.410025558822,140.727912727256,163.936582617969,57.6074828767138,180.956407794195,257.612637540724,171.49126382771,152.005893221043,163.720993707091,249.847183257062,182.613319553327,195.440817896997,132.579260949502,129.025942316643,189.93396138167,291.229071069512,259.845301400934,234.37519965474,210.224857517269
"SAR86A",1311.48705340035,1492.95862223608,1803.46564736681,1738.98730720771,1779.5754310118,1169.31365581516,1421.82914478115,1249.54290546245,1781.75519436634,1464.89239050355,1254.17229981591,1165.23558710019,1286.98435145327,463.116662793353,1345.59165905102,1647.30116092303,1358.33532420711,1134.14833083389,1461.76928997376,1871.6885873243,1534.59671783641,1736.92539526043,579.64137650893,1182.25207630833,1607.42219614235,2227.79254939334,1700.5077172546,1709.0817157532,1396.49314428596
"SCGC-AAA076-P13",730.001030539302,873.69781050117,846.658347796316,849.745848653843,756.182053389788,578.09048022458,590.995630146287,680.167093297105,744.755673311785,681.263621089547,675.364587507515,630.93667083877,559.284572353198,196.139279713835,639.170966374521,734.777473996503,637.010601722168,515.47618745833,703.561501268679,652.642804448096,531.601588988865,636.560218711446,231.572528751815,372.543912905102,716.313110297739,741.459906188675,633.397943725408,684.573265999825,558.19386645257
"SCGC-AAA160-P02",4256.95711898454,4657.21841973021,5386.04306768169,5439.84615042915,5957.56643595672,3493.29000172303,4259.50197438055,4178.58208942782,6609.81836349771,5057.57193905324,4465.59674981239,3958.87301279797,4230.23387146733,1508.60074838336,4579.66481640338,5177.03189545294,4548.30677333243,3796.88159418654,4745.77034295408,5712.82187759876,4191.43618926387,5367.0057958728,1667.8806270988,3192.09899525662,4987.27655803804,6977.07437476466,5281.07812481493,4747.20492206606,4268.46012480156
"SW10",1376.73440677121,1594.09934429246,1695.88046427233,1607.07806378709,1799.41995474908,1086.63167992336,1346.80954836617,1360.63364919728,1914.42639353409,1644.9762472191,1358.88829446847,1358.439032678,1402.74186573172,488.451725691561,1496.13092888757,1705.23888585033,1296.69620041441,1233.12884133899,1469.51467370978,1892.71723288143,1468.1130743183,1668.25052488038,639.525847792798,1030.83445679674,1557.18868892368,2085.8584600467,1821.51400916779,1749.12735873353,1484.13982137736
"SXYR01",44.5092530050166,49.8441907288031,37.588232220027,42.4815130780762,59.7299565425783,82.7847645347436,64.5816097217334,83.0315243991135,48.3038562956009,59.9850001551822,78.7050810859351,65.265448892573,82.3959964636679,30.7511323788202,58.321060269311,95.2479438523282,74.6856365924431,70.3713622296552,57.707469295174,69.7040558899481,40.2209895252027,76.7285403197376,35.0342392545783,117.667991204286,78.2492522791751,59.8820469002223,59.0433151456858,71.8967115203499,87.2632978105671
"Saccharicrinis",68.1792409919332,78.186913534722,62.7218041865457,56.846183514414,52.2988864177063,43.3103183892612,48.8714114263685,57.4953097155519,70.7024132542423,59.8107987876859,60.7657278165465,42.3074272927546,50.4834753569885,19.0415135660749,48.052502709982,66.1521749791894,61.6660775995487,46.285329769533,44.9247954439798,49.4667108628694,49.2234144225221,68.5155733710896,27.2738846987806,48.42466693454,50.740261071762,68.0373475079464,48.4824872980384,73.9528961383275,57.4330645895134
"Salinivibrio",69.2110235011631,69.5352252788464,84.0985260648248,55.2206900741544,74.7170958008771,43.1794776696672,60.5859041263328,60.2222920867126,80.5596635585049,69.1922810835987,52.8991062457217,67.5974543629806,62.5741935107398,21.188127067815,63.0758284311787,97.5844397655091,61.712751617074,50.4686570052216,61.8091860977217,116.955158666293,79.9383441160598,86.5489814266729,40.6508055875257,54.3886689616341,98.4446414657668,103.52812022363,80.6153440348444,78.1273509518366,82.3890209415418
"Sediminibacterium",6607.22325324646,7605.1502368651,8046.82624624923,7459.82995017574,8608.97312868134,5023.10771545983,6855.42223369379,6016.00713761311,8193.8679394062,7397.30002793279,6139.05253488077,6830.83538065411,6018.05526370684,2056.4750629903,6891.2212730207,8266.57517203614,6533.06100311622,5804.66459437902,6439.15281896014,9564.90912932458,7255.22057087557,7799.30715319807,2861.40637845433,5031.81650144778,7235.14198458097,9873.20723393228,8870.95933854125,9116.86070657207,7389.78535295101
"Segetibacter",2405.23654156935,3017.46282206995,3118.67430460309,2824.96275409611,3038.8699628812,2176.60536679476,2539.37461421632,2566.74287513916,3157.97313030118,2836.28281855768,2481.89738245416,2248.38865980766,2254.20233565554,784.809337227415,2582.81591391332,2540.25253449772,2349.32809032711,1988.07305492636,2532.55895078815,2560.95745240679,1995.06865581488,2507.7395744867,879.093425487089,1610.60236587524,2684.2576383973,2707.60368068159,2423.19925072627,2765.92380991626,2248.36054206415
"Serratia",128.203413962982,130.54804938039,145.138452813659,152.331347077259,159.591755855777,93.2299994785182,130.179610244583,117.336021349294,165.52243319224,139.598753875978,122.137811074346,126.687447999331,119.90850780942,43.8981574717455,139.424132871322,170.592353479549,108.529103608255,109.460934011721,137.682387562375,186.95773412035,124.294425874592,139.789153870444,55.8514657270393,88.1527297438996,146.325977657406,179.037082706946,168.551778175608,152.047842504073,120.364146999732
"Sneabacter",267.98246115216,388.148054161505,397.333153587286,375.274764313577,345.222453631499,248.605368878369,353.012953127725,307.547586785852,418.927660354971,350.777903024116,295.213258483992,314.972415576881,275.847257046774,94.5888374177038,319.863948334904,311.814848718555,260.101009552905,238.668336281554,336.538417280081,432.671091341717,267.21102186471,341.037640809646,125.837921719522,192.680380114897,251.897847765261,438.717191381026,371.178854906123,370.522997374251,391.789239260664
"Streptococcus",1145.78928809414,1429.11369326728,1563.09752237873,1478.68943392951,1440.68499535099,1108.47999358942,1295.39304957741,1170.95452406257,1588.00331961988,1392.58101886245,1224.68113150849,1216.6642567521,1177.0558054501,400.539777551239,1338.42009912628,1499.89633772662,1255.91913111629,1039.32149951798,1201.43288371765,1655.4563554299,1272.85820076659,1430.1266771541,504.35228086333,901.847869430944,1197.51435879992,1640.16844942641,1462.94312015571,1580.526129287,1356.02420865476
"Subsaximicrobium",321.614030337638,411.265069683406,488.513383505102,509.827727199245,514.09260680987,316.254737975055,380.279923454146,353.804121499792,439.276846407261,462.991424037655,367.348424260822,320.601988297553,325.37074872856,113.155608443354,376.754394197463,453.536925919337,339.514262472803,271.800194173172,292.117567721217,509.08970776077,361.953061587515,501.532815366395,156.0578690906,234.448874994033,423.578717973436,512.770240092168,490.573874056931,484.067236708538,365.428289946225
"Sulfurovum",263.644495100283,282.429286539145,340.344711148107,289.216120080233,314.082808465468,185.908246861979,264.332970376271,225.326596632395,314.266703309824,280.091423223224,217.886413797933,238.386515967332,231.587092022263,83.7816056238814,235.089246718336,284.536320051936,235.094192107652,204.343595254468,254.837471135343,324.503329789273,255.925486344267,314.093262387618,101.031831920108,182.545785548547,298.202713953744,353.798157608593,289.857468426296,291.189328337247,281.416445613542
"Synechococcus_E",585.874091480149,789.245947004978,848.064684208663,769.010160059303,794.707396676399,547.564951836435,621.003076743752,688.345029882299,761.450733567932,722.412997268133,662.571937343112,696.925880520075,573.278461517514,196.65156908661,631.518522268753,773.98321312273,684.528787851138,581.742103902787,617.094552873626,767.264145455183,590.723994296455,675.236304182129,254.525944487031,417.546469232168,510.894357033586,791.838102907464,761.608583137997,944.241396878627,802.275162022597
"TMED-70",2934.84762831008,3208.84428437192,3430.92397931679,3295.02220997525,3356.14872348743,2324.66737301121,2799.3998166984,2631.86396041441,3787.9202888997,3099.89909525479,2749.46199513894,2594.81937223103,2593.41770444796,954.160686592883,2729.33223389581,2703.62317037058,2623.29782796603,2380.29371551636,2882.81190551343,3493.72827856227,2673.16989033494,3341.20437892309,1085.13542577493,2169.79440714821,2925.53604573551,3970.50692285649,3154.0993421724,3040.13538343371,2831.11649406136
"TMED108",237.585995542229,317.998537956492,373.968127193494,395.507539348701,324.061045525267,287.718988369218,325.207822565438,351.625664436258,257.585951613486,373.679261957889,252.851423848148,183.996667235702,296.528490207921,86.3493240674421,247.56060992607,318.606645159363,275.266655065086,237.883867923679,216.730228732358,326.581407320346,227.473498751228,369.850171101069,126.284483168712,156.685186101143,244.427213244863,316.56966887111,401.581740800298,367.599543514929,307.248409300939
"TMED112",4170.06041034086,4723.45967445025,5127.89990890571,4988.33815388123,5084.43056796349,3363.78138317936,3924.26918023403,3830.32670580011,5644.64119936902,4620.47738004911,4151.26404038107,3892.39953275199,3909.81834949437,1367.57684882152,4073.06086316971,4666.14605041125,4287.85172662226,3887.23180651491,4245.23692400081,5297.95637393399,4260.76442037392,4945.02618929756,1683.55629276793,3259.0183237108,4715.72127054908,6238.9663721562,4679.89309490232,4670.89024271783,4256.26656141824
"TMED123",313.591701122018,345.030130926124,389.405384611419,355.794880867481,344.270613383899,308.754102907409,274.662306483441,281.041368025093,333.271369240895,349.834828915484,357.786315433474,346.998003853011,257.502295379928,107.287245007285,276.814700586006,300.662998907021,313.248874426557,251.97444222919,329.486000268142,232.017974651918,267.555497257899,228.899839830226,84.1352270015253,150.5648789998,215.489978391215,242.053830454751,215.858579296724,298.878398529896,234.061828494734
"TMED131",127.822701638134,171.85244723474,184.996741819267,165.199402912741,149.410638179229,107.983920243491,140.630374532524,142.174683162737,148.109296280476,166.31641715351,144.039045204284,139.94966770475,107.046912160671,52.4564831807526,131.109451904048,174.314835865042,132.874316228982,124.994578189533,156.065008020259,153.729852312953,116.014941753356,136.643826822341,37.765870875181,72.777201541836,112.141526094008,174.050004179692,153.504320762672,153.116566003464,149.99174746579
"TMED211",1810.53118323052,2251.93598035365,2487.63099536354,2244.47671037291,2058.69954708367,1610.3180434395,1885.29943201411,1711.74139856961,2297.73082858959,1948.64015604505,1746.65715036369,1848.22079696268,1655.08075133914,608.557544681097,2016.39987162201,2289.8777627735,1984.60381021935,1553.84136244663,2134.57428873147,2050.3290050601,1692.28888004293,1996.69707974724,673.317867804918,1242.35703760547,1971.37138538314,2113.90924743472,1882.25010906831,2322.37902542091,1856.48625109484
"TMED220",260.7302920997,344.767945707014,415.459990573543,375.613897918383,260.82625074479,267.940899728071,355.784682291568,339.570374208666,377.141832847765,338.646496503338,272.388832760651,289.48450009347,331.46438490449,114.836812726688,376.545844245985,293.693189176163,298.628616186589,291.780042304194,330.683119027223,375.68614085732,314.983834706122,425.220377089097,128.601069738741,252.666880028066,259.201709643133,410.97424901819,308.167969747419,445.27436214497,349.20062841473
"TMED25",6302.90686543379,7193.67105216333,7863.38502558071,7730.27380230465,8550.90801610427,5470.59155690226,6069.72695289026,5646.95007354634,9063.42473135629,8004.81160551498,7018.49549498746,6372.03750554957,6226.87836994398,2408.62534524423,6972.01315087587,7816.89038635059,7116.23613927354,6097.87365426073,7373.89880949174,8550.3609471894,6376.72705776455,7682.7360273574,2563.04803872256,4678.93259755035,7183.41953900848,9482.0130337333,7312.11619588064,7406.55351251079,6235.42800857215
"TMED48",1723.08530770486,1868.95211638695,2108.98000658188,2079.67384073889,2078.66815981091,1419.41670925049,1678.67013961079,1626.40522178857,2388.28403107472,1904.64534045102,1632.70181915252,1579.07071825438,1592.9429202066,590.525806006558,1711.47347683686,1764.21236052181,1562.46241597905,1421.94439786406,1983.66990770851,1914.43359101564,1494.6412516192,1892.82764978122,559.500837893789,1084.92298446122,1700.47635444027,2352.54747245824,1882.6487763465,1714.84762306016,1359.89042737769
"TMED78",601.024487264375,669.166989126804,698.968834679792,754.757275367841,634.624464502685,499.944596171929,649.818601117429,646.245356644847,760.867108924435,647.782028229072,613.44693605973,604.708658296787,562.458029043592,193.618772007604,652.525712495528,634.843091968976,576.077671842906,465.030819536818,700.268141753167,669.840848538208,566.171171820732,736.390676275219,233.82424471973,383.019251683152,588.32340598202,832.757589070069,713.894162464461,702.15862338916,611.113263785936
"Tamlana_A",336.735567847258,377.126783551238,410.479516769927,365.077476398695,459.948709331254,273.084267587438,347.987552971867,350.005294874834,451.58647606437,410.60083683924,360.675010010373,346.720164065016,319.093493946958,110.884436774851,363.858330435092,353.34772430173,328.401004425525,287.783112570918,349.125378500496,459.162085850154,329.547643823494,431.156318254856,152.069180885784,258.743954418452,293.451296243376,515.805418240677,435.029744836439,412.602064608528,391.90653766976
"Tenacibaculum",850.291748956394,963.524432181366,1078.81226332499,973.313023103163,1085.43348837678,712.394828949036,842.437196577382,847.802670226378,1171.76670308214,944.023944722562,808.067488914268,848.846811616633,767.727061363755,276.162239213741,920.212997206941,920.528537097474,835.458686048019,673.788651769943,914.382916020999,1001.95786861353,763.481893415619,1014.4729308353,308.7284319632,674.183730862537,924.308514158853,1038.27426959755,975.17661328966,1032.95088567451,821.417788693155
"UBA10364",1831.38158090337,2225.50873382197,2496.79285357668,2323.5121898847,2222.97378214556,1479.71230610903,1901.78628392388,1729.19907299454,2325.6017911473,1990.89111008537,1746.93063792394,1883.03345881119,1731.7435851521,610.318544453083,1932.69721672672,2119.98401085898,1806.48090396561,1624.45087015342,1926.67560439866,2610.23884363309,1984.15801778143,2419.64302587785,870.328936797589,1687.35151801492,2129.064539604,2602.30868598546,2431.17746434703,2388.30585958835,2099.98666394261
"UBA11654",68.8246935997161,137.567067083829,109.900603237787,57.8060338306666,75.7938626777563,174.624017960275,195.152585092771,163.585959511633,29.229477345352,96.2560578836187,106.429047948804,131.329054111976,165.485133712622,48.2392584317866,87.4383247999133,122.23492335875,127.552209325597,156.298999019513,89.5573477157075,0,0,77.5190098922008,38.56429515133,101.200501109133,41.5577050696148,0,0,106.396107753362,138.720698667931
"UBA1994",151.262293598531,205.250375435962,240.753949641168,185.677028145188,167.334533361613,139.585088125511,199.296890365325,190.31636644689,219.015069341447,199.603019735433,155.177284927926,191.717518569006,151.814307079366,62.4643828301801,193.538096158117,228.297299182007,197.492811358147,196.885223530991,192.397998162181,199.23676363745,151.459730274008,223.570339117731,85.0778075195558,149.695805834461,203.33222110741,250.011551433593,185.594040647524,269.366001332881,235.700807210427
"UBA5868",47.0593563657809,46.4965791154571,79.698905743749,50.5294373002852,57.4197382445728,48.8297977906418,66.7649275122918,83.5383607830567,36.6994113527588,72.2663335862473,57.5663123027903,47.2389239957702,64.0913221995496,20.2672250931521,90.2044210183012,92.9188977305438,58.804132197447,71.0066122833544,0,128.689908290999,83.0995989866713,86.6772013929539,30.3229789581508,73.8442707782022,80.9057022279674,115.613204729256,83.4852240444829,115.7834342574,74.0781671387577
"UBA721",52.169302424349,77.1775237258025,68.9966163010731,65.8117407127904,111.608375162774,70.2294742924791,63.000324049842,60.2496321079927,70.709888713259,85.834392644408,80.4629492849154,73.5108240329074,60.5891120509082,19.1764622530033,59.1854672660039,54.8418754495188,84.7935040787047,45.6286594476063,68.2627646198219,50.7300068447098,37.8391654638645,53.4503966847585,17.2591552233241,46.9743009062158,52.2394366812518,0,43.6986284767507,80.0989681776707,78.9992054735121
"UBA7377",669.583984297713,760.371485137619,857.304378677366,719.617415946799,809.96762444855,719.251533784586,819.654404117973,848.816318948511,735.087043637647,762.49372942873,751.213025023557,775.820018924223,829.750157392007,273.121185260647,774.330922809109,948.369404348886,771.981045490312,730.310614199257,680.246722730948,1031.96746524322,715.524111600942,950.954498115496,399.594854796545,788.261761293362,1021.40153368769,995.327784613732,968.501507924189,1157.90128287055,905.624812210043
"UBA7434",2689.13855352276,2447.62329254107,2862.97034416541,2889.74946344034,3703.73746673683,1924.27366724493,2312.96220929423,2075.87793689619,3302.75569553326,2929.32731050329,2448.22556086054,2516.2819729882,2492.90404743103,841.945858734642,2791.84057185699,4280.72835917967,2630.83833648024,2324.86514238258,2603.88058309961,4055.0201879673,3080.23162185497,3025.10188793164,1244.62363308933,2315.27923641422,3577.28217510561,4460.95519192527,3842.30961781004,3137.58631772173,2623.32361961187
"UBA7446",1134.19527524181,1534.51970236933,1745.72502404475,1710.7228844805,1694.78345673949,1314.25274112212,1347.17282643757,1428.99185711411,1494.30245558431,1687.99222196028,1288.26560771506,1151.17543386208,1366.57717578057,411.123343536181,1364.73595886309,1645.48352934014,1305.83548186027,1112.62088391769,1079.43248209263,1830.49447048006,1255.5658804296,1803.41484889438,566.528438974789,840.752548377404,1294.54041203887,1836.29199714044,1924.11720216577,1782.83096129317,1394.91926529913
"UBA7916",29.8801663453373,42.3111361231429,56.6275997526325,68.0071720868546,56.7862386369438,41.8226821969862,41.6709576439551,36.8398458904477,42.3008927048961,50.4389201784617,54.180302750757,47.608511444463,45.451717271908,17.5441377916183,48.3014189100203,59.8712348675588,45.9737277790646,43.2262709487229,38.2484898419031,41.6511533150898,38.8167664612104,33.8976715653996,19.6546378073131,0,0,38.2749663872219,0,47.3676258951772,34.8619793061843
"UBA8316",107.760460873258,337.665436991082,316.936120955839,350.230714987246,316.9435465477,81.1235106296346,295.319144362314,335.676340828865,97.901650796887,266.547572587297,253.700361308181,101.579160455604,306.085142518676,90.2188053153777,66.735737631675,360.189387127906,345.291726968201,108.982137996369,387.012253529693,424.679093866218,119.560059275305,107.137491773711,149.698095021953,89.3517075379114,319.502207854201,436.433395224856,401.913172052681,384.375438411412,388.980235460836
"UBA8444",165.516961338483,178.33028685958,243.327851158293,217.878863881865,198.913320178199,195.332945897215,212.864904233931,227.994513015629,146.685407275605,249.899340684787,170.485550775844,70.2786254693248,182.553073127207,46.7354293596856,97.4220985913545,221.301315500953,155.447556578034,139.922062460095,101.236889528242,196.627737060245,150.419022118031,200.760990280962,94.5104483285349,120.524305396855,151.698805667796,212.700937767999,257.536852291271,234.266476940594,193.879893629232
"UBA9320",111.050185147918,140.444124918605,159.809634028527,142.964888460954,152.286425119131,89.4623800049162,120.835473190246,92.8510164572661,140.731003052386,143.178268901907,115.840250310655,105.810390085985,94.822521170927,36.7822008939404,106.16163644602,136.823372434106,108.118959122827,88.0030848779164,113.704883656545,134.135104849165,124.962163372533,146.013985486334,55.4702050045092,93.3964676498497,130.560440598255,147.41541773744,125.047310912842,143.308910589119,106.951748341176
"UBA952",48.9559137085216,57.8279169279561,43.1699800367192,44.1183980720319,99.8746918716234,132.080656976828,89.1944655781881,144.79875612281,72.2384872694527,117.343007897563,123.518125785448,120.626281711832,122.050058821966,35.0331442013806,68.7972986934233,100.090455157282,91.0893331679526,149.81388993089,108.433626151048,92.7746790690437,54.521212074361,116.937817558479,48.314714489247,176.894267414347,176.83370389157,64.520782902832,70.5030906752708,117.309155712636,128.083688923372
"UBA985",276.303629572119,349.13041320212,369.885535608989,346.820213692405,342.658945567256,248.662964840143,289.71548282276,274.426565696733,339.608205804532,319.939921378758,289.89987864961,307.403537882455,284.255889313912,105.655895098306,307.819944367138,350.201000618207,302.538335263099,269.161676222393,318.839004968849,309.017354493954,242.850849249246,311.391793744823,105.518321417617,168.689283584074,282.626406374769,354.38160910497,285.689568243503,335.103036105005,274.08100614316
"UBA9973",1016.01315503522,1115.06236620297,1007.26244256534,1132.85264524788,1048.79100523444,818.574666562718,956.423397901459,893.18398761881,1129.8666794005,958.709760211594,819.30725462021,877.765469180119,841.253486982277,268.843707403917,846.020670584208,1055.73386205727,878.888153944016,771.566095717006,915.384236457544,1129.46082949434,917.648122973743,1187.23178447613,391.384094762895,800.177194349708,1079.06115474611,1407.71015558393,1075.8254601909,1193.04250677881,980.30439116769
"UMGS1224",266.516481963129,345.638151488648,379.604899831427,329.990341099892,282.916186940348,165.709210671544,255.216033469349,246.933845869095,254.951288694759,274.3580464829,268.215545507469,189.147505509729,224.814104728739,82.8488380822577,250.904474978814,352.266665136137,267.464159304942,188.52309663314,292.081366625871,295.798311325345,193.308806031224,234.085585532254,99.3640491267924,169.355164530595,290.116415021469,341.271113851771,291.966968940917,302.471343783123,242.47256061981
"Vibrio",2040.14194925028,2522.46017770927,2701.47821582898,2556.57129815717,2637.55984446659,1646.37035834137,2264.42997293213,2181.85611508669,2847.85426701174,2467.44245657155,2066.41002268558,2213.13145946246,1961.2653333059,673.714206431575,2336.39690849921,2634.77154249358,2186.5532597957,1888.5692930532,2047.93979727974,2992.271365437,2265.39423606088,2526.77798802375,955.782291645044,1617.42300013214,2279.5082336362,3131.96613644041,2765.37475402561,2837.05812606343,2224.43266926052
"Winogradskyella",15731.7896153486,17455.1286713935,19332.3081032971,18790.0762813327,20705.5169888786,12649.2897045478,15258.1740023914,13879.0467655913,20663.8656627684,17894.3637783188,15420.3989206343,15098.7073719926,14796.1217518908,5348.38090835358,15897.0175449062,17838.4745856452,15625.6896814458,13358.5100432689,16837.8274524467,21141.996492752,15900.1656379151,19257.7140913117,6524.80291162589,12080.5803651698,17067.2819901429,24133.7591656352,19284.2250412703,18674.2632621262,16295.1770336355
"Wolbachia",2013.15394080239,2561.56922743415,2740.79402067806,2423.58191679904,2302.32428249595,1592.29237397344,2130.92873514991,2121.97059178746,2590.77923456218,2346.56647840095,2111.87414291211,1813.62348557157,1766.99437290786,617.089957613977,2092.65813045259,2283.17878968423,2012.95335468311,1746.05862074451,2093.89655310534,2373.22888734698,1741.70358902081,2280.39034434632,758.24630871024,1514.87715799063,2354.85440476784,2500.28943973402,2112.64868063555,2268.84140871035,2037.3056941886
"Xanthomarina",1934.69788401926,2294.90855203866,2510.05976595792,2529.50098270163,2610.85307480582,1611.74591830492,2011.81890500567,1878.24345549142,2704.05869004883,2377.8537290061,2037.63120560746,1892.30864454552,1903.44811834252,675.655586947761,1996.55976403216,2268.87138661246,2091.31968960501,1659.20210531321,2203.6964192695,2484.5062620113,1798.2314072196,2352.54555229451,778.867250359454,1494.02418260535,2150.34765022063,2748.5435578813,2319.96139511655,2221.31361798641,1942.83461736702
"Zobellia",405.649828564391,423.92538308012,465.311959595121,459.581733811764,585.548262304786,288.387965356705,396.309432891537,342.566298710003,586.066500286982,496.025883069226,362.693083732688,384.459252795661,343.11004956441,122.178187613725,370.241988190603,472.919525611554,409.879851845933,321.986777309592,418.831689341032,636.794972554817,427.75185905133,473.717340918531,174.425363101646,304.457462405458,499.307267804363,738.892403642934,545.785148278815,537.536074917245,425.146198858111
